[
    {
        "ID": "W001",
        "Name": "Worker_1",
        "Gender": "Female",
        "Salary": 12410,
        "EmployeeLevel": "A1"
    },
    {
        "ID": "W002",
        "Name": "Worker_2",
        "Gender": "Female",
        "Salary": 14500,
        "EmployeeLevel": "A1"
    },
    {
        "ID": "W003",
        "Name": "Worker_3",
        "Gender": "Female",
        "Salary": 21860,
        "EmployeeLevel": "A5-F"
    },
    {
        "ID": "W004",
        "Name": "Worker_4",
        "Gender": "Female",
        "Salary": 34825,
        "EmployeeLevel": "Unassigned"
    },
    {
        "ID": "W005",
        "Name": "Worker_5",
        "Gender": "Male",
        "Salary": 32437,
        "EmployeeLevel": "Unassigned"
    },
    {
        "ID": "W006",
        "Name": "Worker_6",
        "Gender": "Male",
        "Salary": 33131,
        "EmployeeLevel": "Unassigned"
    },
    {
        "ID": "W007",
        "Name": "Worker_7",
        "Gender": "Male",
        "Salary": 26688,
        "EmployeeLevel": "Unassigned"
    },
    {
        "ID": "W008",
        "Name": "Worker_8",
        "Gender": "Male",
        "Salary": 28564,
        "EmployeeLevel": "Unassigned"
    },
    {
        "ID": "W009",
        "Name": "Worker_9",
        "Gender": "Female",
        "Salary": 10552,
        "EmployeeLevel": "A1"
    },
    {
        "ID": "W010",
        "Name": "Worker_10",
        "Gender": "Male",
        "Salary": 17813,
        "EmployeeLevel": "A1"
    },
    {
        "ID": "W011",
        "Name": "Worker_11",
        "Gender": "Male",
        "Salary": 9283,
        "EmployeeLevel": "Unassigned"
    },
    {
        "ID": "W012",
        "Name": "Worker_12",
        "Gender": "Male",
        "Salary": 11220,
        "EmployeeLevel": "A1"
    },
    {
        "ID": "W013",
        "Name": "Worker_13",
        "Gender": "Male",
        "Salary": 7971,
        "EmployeeLevel": "Unassigned"
    },
    {
        "ID": "W014",
        "Name": "Worker_14",
        "Gender": "Male",
        "Salary": 26952,
        "EmployeeLevel": "Unassigned"
    },
    {
        "ID": "W015",
        "Name": "Worker_15",
        "Gender": "Male",
        "Salary": 14424,
        "EmployeeLevel": "A1"
    },
    {
        "ID": "W016",
        "Name": "Worker_16",
        "Gender": "Female",
        "Salary": 28493,
        "EmployeeLevel": "A5-F"
    },
    {
        "ID": "W017",
        "Name": "Worker_17",
        "Gender": "Female",
        "Salary": 27368,
        "EmployeeLevel": "A5-F"
    },
    {
        "ID": "W018",
        "Name": "Worker_18",
        "Gender": "Male",
        "Salary": 26991,
        "EmployeeLevel": "Unassigned"
    },
    {
        "ID": "W019",
        "Name": "Worker_19",
        "Gender": "Male",
        "Salary": 7101,
        "EmployeeLevel": "Unassigned"
    },
    {
        "ID": "W020",
        "Name": "Worker_20",
        "Gender": "Female",
        "Salary": 17476,
        "EmployeeLevel": "A1"
    },
    {
        "ID": "W021",
        "Name": "Worker_21",
        "Gender": "Male",
        "Salary": 14282,
        "EmployeeLevel": "A1"
    },
    {
        "ID": "W022",
        "Name": "Worker_22",
        "Gender": "Male",
        "Salary": 11613,
        "EmployeeLevel": "A1"
    },
    {
        "ID": "W023",
        "Name": "Worker_23",
        "Gender": "Female",
        "Salary": 9255,
        "EmployeeLevel": "A5-F"
    },
    {
        "ID": "W024",
        "Name": "Worker_24",
        "Gender": "Male",
        "Salary": 24588,
        "EmployeeLevel": "Unassigned"
    },
    {
        "ID": "W025",
        "Name": "Worker_25",
        "Gender": "Male",
        "Salary": 11718,
        "EmployeeLevel": "A1"
    },
    {
        "ID": "W026",
        "Name": "Worker_26",
        "Gender": "Female",
        "Salary": 10495,
        "EmployeeLevel": "A1"
    },
    {
        "ID": "W027",
        "Name": "Worker_27",
        "Gender": "Female",
        "Salary": 14816,
        "EmployeeLevel": "A1"
    },
    {
        "ID": "W028",
        "Name": "Worker_28",
        "Gender": "Male",
        "Salary": 20657,
        "EmployeeLevel": "Unassigned"
    },
    {
        "ID": "W029",
        "Name": "Worker_29",
        "Gender": "Male",
        "Salary": 17744,
        "EmployeeLevel": "A1"
    },
    {
        "ID": "W030",
        "Name": "Worker_30",
        "Gender": "Female",
        "Salary": 22827,
        "EmployeeLevel": "A5-F"
    },
    {
        "ID": "W031",
        "Name": "Worker_31",
        "Gender": "Female",
        "Salary": 19332,
        "EmployeeLevel": "A1"
    },
    {
        "ID": "W032",
        "Name": "Worker_32",
        "Gender": "Female",
        "Salary": 14429,
        "EmployeeLevel": "A1"
    },
    {
        "ID": "W033",
        "Name": "Worker_33",
        "Gender": "Male",
        "Salary": 6341,
        "EmployeeLevel": "Unassigned"
    },
    {
        "ID": "W034",
        "Name": "Worker_34",
        "Gender": "Male",
        "Salary": 19424,
        "EmployeeLevel": "A1"
    },
    {
        "ID": "W035",
        "Name": "Worker_35",
        "Gender": "Female",
        "Salary": 19140,
        "EmployeeLevel": "A1"
    },
    {
        "ID": "W036",
        "Name": "Worker_36",
        "Gender": "Female",
        "Salary": 32079,
        "EmployeeLevel": "Unassigned"
    },
    {
        "ID": "W037",
        "Name": "Worker_37",
        "Gender": "Female",
        "Salary": 31502,
        "EmployeeLevel": "Unassigned"
    },
    {
        "ID": "W038",
        "Name": "Worker_38",
        "Gender": "Female",
        "Salary": 18495,
        "EmployeeLevel": "A1"
    },
    {
        "ID": "W039",
        "Name": "Worker_39",
        "Gender": "Male",
        "Salary": 11120,
        "EmployeeLevel": "A1"
    },
    {
        "ID": "W040",
        "Name": "Worker_40",
        "Gender": "Male",
        "Salary": 6044,
        "EmployeeLevel": "Unassigned"
    },
    {
        "ID": "W041",
        "Name": "Worker_41",
        "Gender": "Female",
        "Salary": 25777,
        "EmployeeLevel": "A5-F"
    },
    {
        "ID": "W042",
        "Name": "Worker_42",
        "Gender": "Male",
        "Salary": 16522,
        "EmployeeLevel": "A1"
    },
    {
        "ID": "W043",
        "Name": "Worker_43",
        "Gender": "Male",
        "Salary": 18076,
        "EmployeeLevel": "A1"
    },
    {
        "ID": "W044",
        "Name": "Worker_44",
        "Gender": "Male",
        "Salary": 17171,
        "EmployeeLevel": "A1"
    },
    {
        "ID": "W045",
        "Name": "Worker_45",
        "Gender": "Female",
        "Salary": 16120,
        "EmployeeLevel": "A1"
    },
    {
        "ID": "W046",
        "Name": "Worker_46",
        "Gender": "Male",
        "Salary": 20903,
        "EmployeeLevel": "Unassigned"
    },
    {
        "ID": "W047",
        "Name": "Worker_47",
        "Gender": "Female",
        "Salary": 33373,
        "EmployeeLevel": "Unassigned"
    },
    {
        "ID": "W048",
        "Name": "Worker_48",
        "Gender": "Female",
        "Salary": 11669,
        "EmployeeLevel": "A1"
    },
    {
        "ID": "W049",
        "Name": "Worker_49",
        "Gender": "Male",
        "Salary": 28518,
        "EmployeeLevel": "Unassigned"
    },
    {
        "ID": "W050",
        "Name": "Worker_50",
        "Gender": "Male",
        "Salary": 25999,
        "EmployeeLevel": "Unassigned"
    },
    {
        "ID": "W051",
        "Name": "Worker_51",
        "Gender": "Female",
        "Salary": 6077,
        "EmployeeLevel": "Unassigned"
    },
    {
        "ID": "W052",
        "Name": "Worker_52",
        "Gender": "Male",
        "Salary": 16764,
        "EmployeeLevel": "A1"
    },
    {
        "ID": "W053",
        "Name": "Worker_53",
        "Gender": "Male",
        "Salary": 8486,
        "EmployeeLevel": "Unassigned"
    },
    {
        "ID": "W054",
        "Name": "Worker_54",
        "Gender": "Female",
        "Salary": 34155,
        "EmployeeLevel": "Unassigned"
    },
    {
        "ID": "W055",
        "Name": "Worker_55",
        "Gender": "Male",
        "Salary": 30709,
        "EmployeeLevel": "Unassigned"
    },
    {
        "ID": "W056",
        "Name": "Worker_56",
        "Gender": "Female",
        "Salary": 24267,
        "EmployeeLevel": "A5-F"
    },
    {
        "ID": "W057",
        "Name": "Worker_57",
        "Gender": "Male",
        "Salary": 31838,
        "EmployeeLevel": "Unassigned"
    },
    {
        "ID": "W058",
        "Name": "Worker_58",
        "Gender": "Female",
        "Salary": 8263,
        "EmployeeLevel": "A5-F"
    },
    {
        "ID": "W059",
        "Name": "Worker_59",
        "Gender": "Female",
        "Salary": 19991,
        "EmployeeLevel": "A1"
    },
    {
        "ID": "W060",
        "Name": "Worker_60",
        "Gender": "Male",
        "Salary": 32625,
        "EmployeeLevel": "Unassigned"
    },
    {
        "ID": "W061",
        "Name": "Worker_61",
        "Gender": "Female",
        "Salary": 33991,
        "EmployeeLevel": "Unassigned"
    },
    {
        "ID": "W062",
        "Name": "Worker_62",
        "Gender": "Female",
        "Salary": 33502,
        "EmployeeLevel": "Unassigned"
    },
    {
        "ID": "W063",
        "Name": "Worker_63",
        "Gender": "Male",
        "Salary": 26715,
        "EmployeeLevel": "Unassigned"
    },
    {
        "ID": "W064",
        "Name": "Worker_64",
        "Gender": "Female",
        "Salary": 32960,
        "EmployeeLevel": "Unassigned"
    },
    {
        "ID": "W065",
        "Name": "Worker_65",
        "Gender": "Female",
        "Salary": 28220,
        "EmployeeLevel": "A5-F"
    },
    {
        "ID": "W066",
        "Name": "Worker_66",
        "Gender": "Female",
        "Salary": 12665,
        "EmployeeLevel": "A1"
    },
    {
        "ID": "W067",
        "Name": "Worker_67",
        "Gender": "Female",
        "Salary": 9048,
        "EmployeeLevel": "A5-F"
    },
    {
        "ID": "W068",
        "Name": "Worker_68",
        "Gender": "Female",
        "Salary": 27847,
        "EmployeeLevel": "A5-F"
    },
    {
        "ID": "W069",
        "Name": "Worker_69",
        "Gender": "Male",
        "Salary": 21674,
        "EmployeeLevel": "Unassigned"
    },
    {
        "ID": "W070",
        "Name": "Worker_70",
        "Gender": "Female",
        "Salary": 24385,
        "EmployeeLevel": "A5-F"
    },
    {
        "ID": "W071",
        "Name": "Worker_71",
        "Gender": "Female",
        "Salary": 16031,
        "EmployeeLevel": "A1"
    },
    {
        "ID": "W072",
        "Name": "Worker_72",
        "Gender": "Female",
        "Salary": 9471,
        "EmployeeLevel": "A5-F"
    },
    {
        "ID": "W073",
        "Name": "Worker_73",
        "Gender": "Male",
        "Salary": 15046,
        "EmployeeLevel": "A1"
    },
    {
        "ID": "W074",
        "Name": "Worker_74",
        "Gender": "Female",
        "Salary": 19474,
        "EmployeeLevel": "A1"
    },
    {
        "ID": "W075",
        "Name": "Worker_75",
        "Gender": "Male",
        "Salary": 26504,
        "EmployeeLevel": "Unassigned"
    },
    {
        "ID": "W076",
        "Name": "Worker_76",
        "Gender": "Female",
        "Salary": 21671,
        "EmployeeLevel": "A5-F"
    },
    {
        "ID": "W077",
        "Name": "Worker_77",
        "Gender": "Male",
        "Salary": 31245,
        "EmployeeLevel": "Unassigned"
    },
    {
        "ID": "W078",
        "Name": "Worker_78",
        "Gender": "Female",
        "Salary": 15330,
        "EmployeeLevel": "A1"
    },
    {
        "ID": "W079",
        "Name": "Worker_79",
        "Gender": "Female",
        "Salary": 32741,
        "EmployeeLevel": "Unassigned"
    },
    {
        "ID": "W080",
        "Name": "Worker_80",
        "Gender": "Female",
        "Salary": 5152,
        "EmployeeLevel": "Unassigned"
    },
    {
        "ID": "W081",
        "Name": "Worker_81",
        "Gender": "Female",
        "Salary": 8125,
        "EmployeeLevel": "A5-F"
    },
    {
        "ID": "W082",
        "Name": "Worker_82",
        "Gender": "Male",
        "Salary": 6149,
        "EmployeeLevel": "Unassigned"
    },
    {
        "ID": "W083",
        "Name": "Worker_83",
        "Gender": "Male",
        "Salary": 11316,
        "EmployeeLevel": "A1"
    },
    {
        "ID": "W084",
        "Name": "Worker_84",
        "Gender": "Male",
        "Salary": 10004,
        "EmployeeLevel": "A1"
    },
    {
        "ID": "W085",
        "Name": "Worker_85",
        "Gender": "Male",
        "Salary": 16715,
        "EmployeeLevel": "A1"
    },
    {
        "ID": "W086",
        "Name": "Worker_86",
        "Gender": "Female",
        "Salary": 15381,
        "EmployeeLevel": "A1"
    },
    {
        "ID": "W087",
        "Name": "Worker_87",
        "Gender": "Male",
        "Salary": 24156,
        "EmployeeLevel": "Unassigned"
    },
    {
        "ID": "W088",
        "Name": "Worker_88",
        "Gender": "Male",
        "Salary": 33874,
        "EmployeeLevel": "Unassigned"
    },
    {
        "ID": "W089",
        "Name": "Worker_89",
        "Gender": "Female",
        "Salary": 23462,
        "EmployeeLevel": "A5-F"
    },
    {
        "ID": "W090",
        "Name": "Worker_90",
        "Gender": "Female",
        "Salary": 24074,
        "EmployeeLevel": "A5-F"
    },
    {
        "ID": "W091",
        "Name": "Worker_91",
        "Gender": "Female",
        "Salary": 27563,
        "EmployeeLevel": "A5-F"
    },
    {
        "ID": "W092",
        "Name": "Worker_92",
        "Gender": "Male",
        "Salary": 17301,
        "EmployeeLevel": "A1"
    },
    {
        "ID": "W093",
        "Name": "Worker_93",
        "Gender": "Female",
        "Salary": 26656,
        "EmployeeLevel": "A5-F"
    },
    {
        "ID": "W094",
        "Name": "Worker_94",
        "Gender": "Female",
        "Salary": 7390,
        "EmployeeLevel": "Unassigned"
    },
    {
        "ID": "W095",
        "Name": "Worker_95",
        "Gender": "Female",
        "Salary": 5248,
        "EmployeeLevel": "Unassigned"
    },
    {
        "ID": "W096",
        "Name": "Worker_96",
        "Gender": "Male",
        "Salary": 23726,
        "EmployeeLevel": "Unassigned"
    },
    {
        "ID": "W097",
        "Name": "Worker_97",
        "Gender": "Male",
        "Salary": 18106,
        "EmployeeLevel": "A1"
    },
    {
        "ID": "W098",
        "Name": "Worker_98",
        "Gender": "Female",
        "Salary": 9331,
        "EmployeeLevel": "A5-F"
    },
    {
        "ID": "W099",
        "Name": "Worker_99",
        "Gender": "Female",
        "Salary": 9776,
        "EmployeeLevel": "A5-F"
    },
    {
        "ID": "W100",
        "Name": "Worker_100",
        "Gender": "Female",
        "Salary": 6063,
        "EmployeeLevel": "Unassigned"
    },
    {
        "ID": "W101",
        "Name": "Worker_101",
        "Gender": "Female",
        "Salary": 17625,
        "EmployeeLevel": "A1"
    },
    {
        "ID": "W102",
        "Name": "Worker_102",
        "Gender": "Female",
        "Salary": 21629,
        "EmployeeLevel": "A5-F"
    },
    {
        "ID": "W103",
        "Name": "Worker_103",
        "Gender": "Male",
        "Salary": 32385,
        "EmployeeLevel": "Unassigned"
    },
    {
        "ID": "W104",
        "Name": "Worker_104",
        "Gender": "Male",
        "Salary": 17478,
        "EmployeeLevel": "A1"
    },
    {
        "ID": "W105",
        "Name": "Worker_105",
        "Gender": "Male",
        "Salary": 5417,
        "EmployeeLevel": "Unassigned"
    },
    {
        "ID": "W106",
        "Name": "Worker_106",
        "Gender": "Female",
        "Salary": 13868,
        "EmployeeLevel": "A1"
    },
    {
        "ID": "W107",
        "Name": "Worker_107",
        "Gender": "Female",
        "Salary": 11567,
        "EmployeeLevel": "A1"
    },
    {
        "ID": "W108",
        "Name": "Worker_108",
        "Gender": "Male",
        "Salary": 13653,
        "EmployeeLevel": "A1"
    },
    {
        "ID": "W109",
        "Name": "Worker_109",
        "Gender": "Male",
        "Salary": 7091,
        "EmployeeLevel": "Unassigned"
    },
    {
        "ID": "W110",
        "Name": "Worker_110",
        "Gender": "Female",
        "Salary": 26775,
        "EmployeeLevel": "A5-F"
    },
    {
        "ID": "W111",
        "Name": "Worker_111",
        "Gender": "Male",
        "Salary": 6248,
        "EmployeeLevel": "Unassigned"
    },
    {
        "ID": "W112",
        "Name": "Worker_112",
        "Gender": "Female",
        "Salary": 34506,
        "EmployeeLevel": "Unassigned"
    },
    {
        "ID": "W113",
        "Name": "Worker_113",
        "Gender": "Female",
        "Salary": 28924,
        "EmployeeLevel": "A5-F"
    },
    {
        "ID": "W114",
        "Name": "Worker_114",
        "Gender": "Male",
        "Salary": 34979,
        "EmployeeLevel": "Unassigned"
    },
    {
        "ID": "W115",
        "Name": "Worker_115",
        "Gender": "Male",
        "Salary": 13411,
        "EmployeeLevel": "A1"
    },
    {
        "ID": "W116",
        "Name": "Worker_116",
        "Gender": "Female",
        "Salary": 18329,
        "EmployeeLevel": "A1"
    },
    {
        "ID": "W117",
        "Name": "Worker_117",
        "Gender": "Male",
        "Salary": 19198,
        "EmployeeLevel": "A1"
    },
    {
        "ID": "W118",
        "Name": "Worker_118",
        "Gender": "Male",
        "Salary": 27865,
        "EmployeeLevel": "Unassigned"
    },
    {
        "ID": "W119",
        "Name": "Worker_119",
        "Gender": "Male",
        "Salary": 33950,
        "EmployeeLevel": "Unassigned"
    },
    {
        "ID": "W120",
        "Name": "Worker_120",
        "Gender": "Male",
        "Salary": 12955,
        "EmployeeLevel": "A1"
    },
    {
        "ID": "W121",
        "Name": "Worker_121",
        "Gender": "Female",
        "Salary": 7305,
        "EmployeeLevel": "Unassigned"
    },
    {
        "ID": "W122",
        "Name": "Worker_122",
        "Gender": "Female",
        "Salary": 33900,
        "EmployeeLevel": "Unassigned"
    },
    {
        "ID": "W123",
        "Name": "Worker_123",
        "Gender": "Male",
        "Salary": 24673,
        "EmployeeLevel": "Unassigned"
    },
    {
        "ID": "W124",
        "Name": "Worker_124",
        "Gender": "Male",
        "Salary": 19635,
        "EmployeeLevel": "A1"
    },
    {
        "ID": "W125",
        "Name": "Worker_125",
        "Gender": "Male",
        "Salary": 14485,
        "EmployeeLevel": "A1"
    },
    {
        "ID": "W126",
        "Name": "Worker_126",
        "Gender": "Female",
        "Salary": 8332,
        "EmployeeLevel": "A5-F"
    },
    {
        "ID": "W127",
        "Name": "Worker_127",
        "Gender": "Male",
        "Salary": 14852,
        "EmployeeLevel": "A1"
    },
    {
        "ID": "W128",
        "Name": "Worker_128",
        "Gender": "Female",
        "Salary": 9468,
        "EmployeeLevel": "A5-F"
    },
    {
        "ID": "W129",
        "Name": "Worker_129",
        "Gender": "Female",
        "Salary": 11837,
        "EmployeeLevel": "A1"
    },
    {
        "ID": "W130",
        "Name": "Worker_130",
        "Gender": "Female",
        "Salary": 27976,
        "EmployeeLevel": "A5-F"
    },
    {
        "ID": "W131",
        "Name": "Worker_131",
        "Gender": "Male",
        "Salary": 14423,
        "EmployeeLevel": "A1"
    },
    {
        "ID": "W132",
        "Name": "Worker_132",
        "Gender": "Male",
        "Salary": 32759,
        "EmployeeLevel": "Unassigned"
    },
    {
        "ID": "W133",
        "Name": "Worker_133",
        "Gender": "Male",
        "Salary": 32538,
        "EmployeeLevel": "Unassigned"
    },
    {
        "ID": "W134",
        "Name": "Worker_134",
        "Gender": "Male",
        "Salary": 14943,
        "EmployeeLevel": "A1"
    },
    {
        "ID": "W135",
        "Name": "Worker_135",
        "Gender": "Female",
        "Salary": 28011,
        "EmployeeLevel": "A5-F"
    },
    {
        "ID": "W136",
        "Name": "Worker_136",
        "Gender": "Female",
        "Salary": 25585,
        "EmployeeLevel": "A5-F"
    },
    {
        "ID": "W137",
        "Name": "Worker_137",
        "Gender": "Female",
        "Salary": 29054,
        "EmployeeLevel": "A5-F"
    },
    {
        "ID": "W138",
        "Name": "Worker_138",
        "Gender": "Female",
        "Salary": 5420,
        "EmployeeLevel": "Unassigned"
    },
    {
        "ID": "W139",
        "Name": "Worker_139",
        "Gender": "Female",
        "Salary": 5860,
        "EmployeeLevel": "Unassigned"
    },
    {
        "ID": "W140",
        "Name": "Worker_140",
        "Gender": "Female",
        "Salary": 16709,
        "EmployeeLevel": "A1"
    },
    {
        "ID": "W141",
        "Name": "Worker_141",
        "Gender": "Male",
        "Salary": 15840,
        "EmployeeLevel": "A1"
    },
    {
        "ID": "W142",
        "Name": "Worker_142",
        "Gender": "Male",
        "Salary": 20983,
        "EmployeeLevel": "Unassigned"
    },
    {
        "ID": "W143",
        "Name": "Worker_143",
        "Gender": "Male",
        "Salary": 11889,
        "EmployeeLevel": "A1"
    },
    {
        "ID": "W144",
        "Name": "Worker_144",
        "Gender": "Male",
        "Salary": 23716,
        "EmployeeLevel": "Unassigned"
    },
    {
        "ID": "W145",
        "Name": "Worker_145",
        "Gender": "Female",
        "Salary": 32132,
        "EmployeeLevel": "Unassigned"
    },
    {
        "ID": "W146",
        "Name": "Worker_146",
        "Gender": "Male",
        "Salary": 22099,
        "EmployeeLevel": "Unassigned"
    },
    {
        "ID": "W147",
        "Name": "Worker_147",
        "Gender": "Male",
        "Salary": 15192,
        "EmployeeLevel": "A1"
    },
    {
        "ID": "W148",
        "Name": "Worker_148",
        "Gender": "Female",
        "Salary": 21916,
        "EmployeeLevel": "A5-F"
    },
    {
        "ID": "W149",
        "Name": "Worker_149",
        "Gender": "Female",
        "Salary": 14760,
        "EmployeeLevel": "A1"
    },
    {
        "ID": "W150",
        "Name": "Worker_150",
        "Gender": "Male",
        "Salary": 30578,
        "EmployeeLevel": "Unassigned"
    },
    {
        "ID": "W151",
        "Name": "Worker_151",
        "Gender": "Female",
        "Salary": 7823,
        "EmployeeLevel": "A5-F"
    },
    {
        "ID": "W152",
        "Name": "Worker_152",
        "Gender": "Female",
        "Salary": 29044,
        "EmployeeLevel": "A5-F"
    },
    {
        "ID": "W153",
        "Name": "Worker_153",
        "Gender": "Female",
        "Salary": 20242,
        "EmployeeLevel": "A5-F"
    },
    {
        "ID": "W154",
        "Name": "Worker_154",
        "Gender": "Female",
        "Salary": 34461,
        "EmployeeLevel": "Unassigned"
    },
    {
        "ID": "W155",
        "Name": "Worker_155",
        "Gender": "Female",
        "Salary": 14098,
        "EmployeeLevel": "A1"
    },
    {
        "ID": "W156",
        "Name": "Worker_156",
        "Gender": "Male",
        "Salary": 28729,
        "EmployeeLevel": "Unassigned"
    },
    {
        "ID": "W157",
        "Name": "Worker_157",
        "Gender": "Male",
        "Salary": 18741,
        "EmployeeLevel": "A1"
    },
    {
        "ID": "W158",
        "Name": "Worker_158",
        "Gender": "Male",
        "Salary": 24268,
        "EmployeeLevel": "Unassigned"
    },
    {
        "ID": "W159",
        "Name": "Worker_159",
        "Gender": "Male",
        "Salary": 16298,
        "EmployeeLevel": "A1"
    },
    {
        "ID": "W160",
        "Name": "Worker_160",
        "Gender": "Female",
        "Salary": 18746,
        "EmployeeLevel": "A1"
    },
    {
        "ID": "W161",
        "Name": "Worker_161",
        "Gender": "Female",
        "Salary": 24489,
        "EmployeeLevel": "A5-F"
    },
    {
        "ID": "W162",
        "Name": "Worker_162",
        "Gender": "Female",
        "Salary": 17610,
        "EmployeeLevel": "A1"
    },
    {
        "ID": "W163",
        "Name": "Worker_163",
        "Gender": "Male",
        "Salary": 9577,
        "EmployeeLevel": "Unassigned"
    },
    {
        "ID": "W164",
        "Name": "Worker_164",
        "Gender": "Female",
        "Salary": 18688,
        "EmployeeLevel": "A1"
    },
    {
        "ID": "W165",
        "Name": "Worker_165",
        "Gender": "Female",
        "Salary": 30932,
        "EmployeeLevel": "Unassigned"
    },
    {
        "ID": "W166",
        "Name": "Worker_166",
        "Gender": "Male",
        "Salary": 27430,
        "EmployeeLevel": "Unassigned"
    },
    {
        "ID": "W167",
        "Name": "Worker_167",
        "Gender": "Male",
        "Salary": 32927,
        "EmployeeLevel": "Unassigned"
    },
    {
        "ID": "W168",
        "Name": "Worker_168",
        "Gender": "Male",
        "Salary": 34383,
        "EmployeeLevel": "Unassigned"
    },
    {
        "ID": "W169",
        "Name": "Worker_169",
        "Gender": "Male",
        "Salary": 7159,
        "EmployeeLevel": "Unassigned"
    },
    {
        "ID": "W170",
        "Name": "Worker_170",
        "Gender": "Female",
        "Salary": 21082,
        "EmployeeLevel": "A5-F"
    },
    {
        "ID": "W171",
        "Name": "Worker_171",
        "Gender": "Female",
        "Salary": 9889,
        "EmployeeLevel": "A5-F"
    },
    {
        "ID": "W172",
        "Name": "Worker_172",
        "Gender": "Male",
        "Salary": 10275,
        "EmployeeLevel": "A1"
    },
    {
        "ID": "W173",
        "Name": "Worker_173",
        "Gender": "Female",
        "Salary": 33829,
        "EmployeeLevel": "Unassigned"
    },
    {
        "ID": "W174",
        "Name": "Worker_174",
        "Gender": "Male",
        "Salary": 6986,
        "EmployeeLevel": "Unassigned"
    },
    {
        "ID": "W175",
        "Name": "Worker_175",
        "Gender": "Male",
        "Salary": 15563,
        "EmployeeLevel": "A1"
    },
    {
        "ID": "W176",
        "Name": "Worker_176",
        "Gender": "Male",
        "Salary": 22132,
        "EmployeeLevel": "Unassigned"
    },
    {
        "ID": "W177",
        "Name": "Worker_177",
        "Gender": "Female",
        "Salary": 34625,
        "EmployeeLevel": "Unassigned"
    },
    {
        "ID": "W178",
        "Name": "Worker_178",
        "Gender": "Female",
        "Salary": 28772,
        "EmployeeLevel": "A5-F"
    },
    {
        "ID": "W179",
        "Name": "Worker_179",
        "Gender": "Male",
        "Salary": 27330,
        "EmployeeLevel": "Unassigned"
    },
    {
        "ID": "W180",
        "Name": "Worker_180",
        "Gender": "Female",
        "Salary": 21203,
        "EmployeeLevel": "A5-F"
    },
    {
        "ID": "W181",
        "Name": "Worker_181",
        "Gender": "Male",
        "Salary": 27874,
        "EmployeeLevel": "Unassigned"
    },
    {
        "ID": "W182",
        "Name": "Worker_182",
        "Gender": "Female",
        "Salary": 5516,
        "EmployeeLevel": "Unassigned"
    },
    {
        "ID": "W183",
        "Name": "Worker_183",
        "Gender": "Male",
        "Salary": 30870,
        "EmployeeLevel": "Unassigned"
    },
    {
        "ID": "W184",
        "Name": "Worker_184",
        "Gender": "Female",
        "Salary": 15701,
        "EmployeeLevel": "A1"
    },
    {
        "ID": "W185",
        "Name": "Worker_185",
        "Gender": "Male",
        "Salary": 29432,
        "EmployeeLevel": "Unassigned"
    },
    {
        "ID": "W186",
        "Name": "Worker_186",
        "Gender": "Female",
        "Salary": 31747,
        "EmployeeLevel": "Unassigned"
    },
    {
        "ID": "W187",
        "Name": "Worker_187",
        "Gender": "Male",
        "Salary": 19620,
        "EmployeeLevel": "A1"
    },
    {
        "ID": "W188",
        "Name": "Worker_188",
        "Gender": "Female",
        "Salary": 29449,
        "EmployeeLevel": "A5-F"
    },
    {
        "ID": "W189",
        "Name": "Worker_189",
        "Gender": "Female",
        "Salary": 26164,
        "EmployeeLevel": "A5-F"
    },
    {
        "ID": "W190",
        "Name": "Worker_190",
        "Gender": "Male",
        "Salary": 23919,
        "EmployeeLevel": "Unassigned"
    },
    {
        "ID": "W191",
        "Name": "Worker_191",
        "Gender": "Male",
        "Salary": 11734,
        "EmployeeLevel": "A1"
    },
    {
        "ID": "W192",
        "Name": "Worker_192",
        "Gender": "Female",
        "Salary": 26009,
        "EmployeeLevel": "A5-F"
    },
    {
        "ID": "W193",
        "Name": "Worker_193",
        "Gender": "Female",
        "Salary": 23705,
        "EmployeeLevel": "A5-F"
    },
    {
        "ID": "W194",
        "Name": "Worker_194",
        "Gender": "Male",
        "Salary": 14812,
        "EmployeeLevel": "A1"
    },
    {
        "ID": "W195",
        "Name": "Worker_195",
        "Gender": "Male",
        "Salary": 26633,
        "EmployeeLevel": "Unassigned"
    },
    {
        "ID": "W196",
        "Name": "Worker_196",
        "Gender": "Female",
        "Salary": 6049,
        "EmployeeLevel": "Unassigned"
    },
    {
        "ID": "W197",
        "Name": "Worker_197",
        "Gender": "Female",
        "Salary": 15750,
        "EmployeeLevel": "A1"
    },
    {
        "ID": "W198",
        "Name": "Worker_198",
        "Gender": "Female",
        "Salary": 18726,
        "EmployeeLevel": "A1"
    },
    {
        "ID": "W199",
        "Name": "Worker_199",
        "Gender": "Male",
        "Salary": 16475,
        "EmployeeLevel": "A1"
    },
    {
        "ID": "W200",
        "Name": "Worker_200",
        "Gender": "Male",
        "Salary": 7927,
        "EmployeeLevel": "Unassigned"
    },
    {
        "ID": "W201",
        "Name": "Worker_201",
        "Gender": "Male",
        "Salary": 14650,
        "EmployeeLevel": "A1"
    },
    {
        "ID": "W202",
        "Name": "Worker_202",
        "Gender": "Female",
        "Salary": 12383,
        "EmployeeLevel": "A1"
    },
    {
        "ID": "W203",
        "Name": "Worker_203",
        "Gender": "Male",
        "Salary": 7831,
        "EmployeeLevel": "Unassigned"
    },
    {
        "ID": "W204",
        "Name": "Worker_204",
        "Gender": "Male",
        "Salary": 16512,
        "EmployeeLevel": "A1"
    },
    {
        "ID": "W205",
        "Name": "Worker_205",
        "Gender": "Male",
        "Salary": 17944,
        "EmployeeLevel": "A1"
    },
    {
        "ID": "W206",
        "Name": "Worker_206",
        "Gender": "Male",
        "Salary": 26881,
        "EmployeeLevel": "Unassigned"
    },
    {
        "ID": "W207",
        "Name": "Worker_207",
        "Gender": "Female",
        "Salary": 34261,
        "EmployeeLevel": "Unassigned"
    },
    {
        "ID": "W208",
        "Name": "Worker_208",
        "Gender": "Female",
        "Salary": 9458,
        "EmployeeLevel": "A5-F"
    },
    {
        "ID": "W209",
        "Name": "Worker_209",
        "Gender": "Female",
        "Salary": 31598,
        "EmployeeLevel": "Unassigned"
    },
    {
        "ID": "W210",
        "Name": "Worker_210",
        "Gender": "Male",
        "Salary": 16240,
        "EmployeeLevel": "A1"
    },
    {
        "ID": "W211",
        "Name": "Worker_211",
        "Gender": "Male",
        "Salary": 12447,
        "EmployeeLevel": "A1"
    },
    {
        "ID": "W212",
        "Name": "Worker_212",
        "Gender": "Female",
        "Salary": 34098,
        "EmployeeLevel": "Unassigned"
    },
    {
        "ID": "W213",
        "Name": "Worker_213",
        "Gender": "Female",
        "Salary": 12625,
        "EmployeeLevel": "A1"
    },
    {
        "ID": "W214",
        "Name": "Worker_214",
        "Gender": "Female",
        "Salary": 30777,
        "EmployeeLevel": "Unassigned"
    },
    {
        "ID": "W215",
        "Name": "Worker_215",
        "Gender": "Female",
        "Salary": 33349,
        "EmployeeLevel": "Unassigned"
    },
    {
        "ID": "W216",
        "Name": "Worker_216",
        "Gender": "Male",
        "Salary": 24541,
        "EmployeeLevel": "Unassigned"
    },
    {
        "ID": "W217",
        "Name": "Worker_217",
        "Gender": "Female",
        "Salary": 33208,
        "EmployeeLevel": "Unassigned"
    },
    {
        "ID": "W218",
        "Name": "Worker_218",
        "Gender": "Male",
        "Salary": 19918,
        "EmployeeLevel": "A1"
    },
    {
        "ID": "W219",
        "Name": "Worker_219",
        "Gender": "Male",
        "Salary": 13227,
        "EmployeeLevel": "A1"
    },
    {
        "ID": "W220",
        "Name": "Worker_220",
        "Gender": "Male",
        "Salary": 13418,
        "EmployeeLevel": "A1"
    },
    {
        "ID": "W221",
        "Name": "Worker_221",
        "Gender": "Female",
        "Salary": 20494,
        "EmployeeLevel": "A5-F"
    },
    {
        "ID": "W222",
        "Name": "Worker_222",
        "Gender": "Male",
        "Salary": 5393,
        "EmployeeLevel": "Unassigned"
    },
    {
        "ID": "W223",
        "Name": "Worker_223",
        "Gender": "Male",
        "Salary": 10760,
        "EmployeeLevel": "A1"
    },
    {
        "ID": "W224",
        "Name": "Worker_224",
        "Gender": "Male",
        "Salary": 12550,
        "EmployeeLevel": "A1"
    },
    {
        "ID": "W225",
        "Name": "Worker_225",
        "Gender": "Female",
        "Salary": 18853,
        "EmployeeLevel": "A1"
    },
    {
        "ID": "W226",
        "Name": "Worker_226",
        "Gender": "Female",
        "Salary": 14419,
        "EmployeeLevel": "A1"
    },
    {
        "ID": "W227",
        "Name": "Worker_227",
        "Gender": "Female",
        "Salary": 33338,
        "EmployeeLevel": "Unassigned"
    },
    {
        "ID": "W228",
        "Name": "Worker_228",
        "Gender": "Male",
        "Salary": 19208,
        "EmployeeLevel": "A1"
    },
    {
        "ID": "W229",
        "Name": "Worker_229",
        "Gender": "Female",
        "Salary": 31576,
        "EmployeeLevel": "Unassigned"
    },
    {
        "ID": "W230",
        "Name": "Worker_230",
        "Gender": "Male",
        "Salary": 10453,
        "EmployeeLevel": "A1"
    },
    {
        "ID": "W231",
        "Name": "Worker_231",
        "Gender": "Female",
        "Salary": 25648,
        "EmployeeLevel": "A5-F"
    },
    {
        "ID": "W232",
        "Name": "Worker_232",
        "Gender": "Female",
        "Salary": 33011,
        "EmployeeLevel": "Unassigned"
    },
    {
        "ID": "W233",
        "Name": "Worker_233",
        "Gender": "Female",
        "Salary": 15156,
        "EmployeeLevel": "A1"
    },
    {
        "ID": "W234",
        "Name": "Worker_234",
        "Gender": "Male",
        "Salary": 27630,
        "EmployeeLevel": "Unassigned"
    },
    {
        "ID": "W235",
        "Name": "Worker_235",
        "Gender": "Male",
        "Salary": 8861,
        "EmployeeLevel": "Unassigned"
    },
    {
        "ID": "W236",
        "Name": "Worker_236",
        "Gender": "Male",
        "Salary": 23272,
        "EmployeeLevel": "Unassigned"
    },
    {
        "ID": "W237",
        "Name": "Worker_237",
        "Gender": "Female",
        "Salary": 32016,
        "EmployeeLevel": "Unassigned"
    },
    {
        "ID": "W238",
        "Name": "Worker_238",
        "Gender": "Male",
        "Salary": 14297,
        "EmployeeLevel": "A1"
    },
    {
        "ID": "W239",
        "Name": "Worker_239",
        "Gender": "Female",
        "Salary": 29712,
        "EmployeeLevel": "A5-F"
    },
    {
        "ID": "W240",
        "Name": "Worker_240",
        "Gender": "Male",
        "Salary": 22582,
        "EmployeeLevel": "Unassigned"
    },
    {
        "ID": "W241",
        "Name": "Worker_241",
        "Gender": "Male",
        "Salary": 21795,
        "EmployeeLevel": "Unassigned"
    },
    {
        "ID": "W242",
        "Name": "Worker_242",
        "Gender": "Male",
        "Salary": 13972,
        "EmployeeLevel": "A1"
    },
    {
        "ID": "W243",
        "Name": "Worker_243",
        "Gender": "Male",
        "Salary": 16421,
        "EmployeeLevel": "A1"
    },
    {
        "ID": "W244",
        "Name": "Worker_244",
        "Gender": "Female",
        "Salary": 13860,
        "EmployeeLevel": "A1"
    },
    {
        "ID": "W245",
        "Name": "Worker_245",
        "Gender": "Female",
        "Salary": 10466,
        "EmployeeLevel": "A1"
    },
    {
        "ID": "W246",
        "Name": "Worker_246",
        "Gender": "Female",
        "Salary": 10026,
        "EmployeeLevel": "A1"
    },
    {
        "ID": "W247",
        "Name": "Worker_247",
        "Gender": "Female",
        "Salary": 25399,
        "EmployeeLevel": "A5-F"
    },
    {
        "ID": "W248",
        "Name": "Worker_248",
        "Gender": "Male",
        "Salary": 8991,
        "EmployeeLevel": "Unassigned"
    },
    {
        "ID": "W249",
        "Name": "Worker_249",
        "Gender": "Male",
        "Salary": 28346,
        "EmployeeLevel": "Unassigned"
    },
    {
        "ID": "W250",
        "Name": "Worker_250",
        "Gender": "Female",
        "Salary": 26258,
        "EmployeeLevel": "A5-F"
    },
    {
        "ID": "W251",
        "Name": "Worker_251",
        "Gender": "Male",
        "Salary": 32550,
        "EmployeeLevel": "Unassigned"
    },
    {
        "ID": "W252",
        "Name": "Worker_252",
        "Gender": "Female",
        "Salary": 13818,
        "EmployeeLevel": "A1"
    },
    {
        "ID": "W253",
        "Name": "Worker_253",
        "Gender": "Female",
        "Salary": 30121,
        "EmployeeLevel": "Unassigned"
    },
    {
        "ID": "W254",
        "Name": "Worker_254",
        "Gender": "Female",
        "Salary": 20495,
        "EmployeeLevel": "A5-F"
    },
    {
        "ID": "W255",
        "Name": "Worker_255",
        "Gender": "Female",
        "Salary": 18238,
        "EmployeeLevel": "A1"
    },
    {
        "ID": "W256",
        "Name": "Worker_256",
        "Gender": "Male",
        "Salary": 10450,
        "EmployeeLevel": "A1"
    },
    {
        "ID": "W257",
        "Name": "Worker_257",
        "Gender": "Female",
        "Salary": 18682,
        "EmployeeLevel": "A1"
    },
    {
        "ID": "W258",
        "Name": "Worker_258",
        "Gender": "Female",
        "Salary": 5015,
        "EmployeeLevel": "Unassigned"
    },
    {
        "ID": "W259",
        "Name": "Worker_259",
        "Gender": "Female",
        "Salary": 13088,
        "EmployeeLevel": "A1"
    },
    {
        "ID": "W260",
        "Name": "Worker_260",
        "Gender": "Male",
        "Salary": 19303,
        "EmployeeLevel": "A1"
    },
    {
        "ID": "W261",
        "Name": "Worker_261",
        "Gender": "Male",
        "Salary": 27548,
        "EmployeeLevel": "Unassigned"
    },
    {
        "ID": "W262",
        "Name": "Worker_262",
        "Gender": "Male",
        "Salary": 8648,
        "EmployeeLevel": "Unassigned"
    },
    {
        "ID": "W263",
        "Name": "Worker_263",
        "Gender": "Female",
        "Salary": 28709,
        "EmployeeLevel": "A5-F"
    },
    {
        "ID": "W264",
        "Name": "Worker_264",
        "Gender": "Female",
        "Salary": 29883,
        "EmployeeLevel": "A5-F"
    },
    {
        "ID": "W265",
        "Name": "Worker_265",
        "Gender": "Male",
        "Salary": 22476,
        "EmployeeLevel": "Unassigned"
    },
    {
        "ID": "W266",
        "Name": "Worker_266",
        "Gender": "Female",
        "Salary": 29813,
        "EmployeeLevel": "A5-F"
    },
    {
        "ID": "W267",
        "Name": "Worker_267",
        "Gender": "Male",
        "Salary": 16592,
        "EmployeeLevel": "A1"
    },
    {
        "ID": "W268",
        "Name": "Worker_268",
        "Gender": "Female",
        "Salary": 10413,
        "EmployeeLevel": "A1"
    },
    {
        "ID": "W269",
        "Name": "Worker_269",
        "Gender": "Female",
        "Salary": 24594,
        "EmployeeLevel": "A5-F"
    },
    {
        "ID": "W270",
        "Name": "Worker_270",
        "Gender": "Female",
        "Salary": 15254,
        "EmployeeLevel": "A1"
    },
    {
        "ID": "W271",
        "Name": "Worker_271",
        "Gender": "Male",
        "Salary": 17234,
        "EmployeeLevel": "A1"
    },
    {
        "ID": "W272",
        "Name": "Worker_272",
        "Gender": "Male",
        "Salary": 33251,
        "EmployeeLevel": "Unassigned"
    },
    {
        "ID": "W273",
        "Name": "Worker_273",
        "Gender": "Male",
        "Salary": 27479,
        "EmployeeLevel": "Unassigned"
    },
    {
        "ID": "W274",
        "Name": "Worker_274",
        "Gender": "Female",
        "Salary": 34228,
        "EmployeeLevel": "Unassigned"
    },
    {
        "ID": "W275",
        "Name": "Worker_275",
        "Gender": "Female",
        "Salary": 14956,
        "EmployeeLevel": "A1"
    },
    {
        "ID": "W276",
        "Name": "Worker_276",
        "Gender": "Male",
        "Salary": 23183,
        "EmployeeLevel": "Unassigned"
    },
    {
        "ID": "W277",
        "Name": "Worker_277",
        "Gender": "Female",
        "Salary": 7589,
        "EmployeeLevel": "A5-F"
    },
    {
        "ID": "W278",
        "Name": "Worker_278",
        "Gender": "Female",
        "Salary": 27359,
        "EmployeeLevel": "A5-F"
    },
    {
        "ID": "W279",
        "Name": "Worker_279",
        "Gender": "Female",
        "Salary": 13969,
        "EmployeeLevel": "A1"
    },
    {
        "ID": "W280",
        "Name": "Worker_280",
        "Gender": "Female",
        "Salary": 16481,
        "EmployeeLevel": "A1"
    },
    {
        "ID": "W281",
        "Name": "Worker_281",
        "Gender": "Female",
        "Salary": 23246,
        "EmployeeLevel": "A5-F"
    },
    {
        "ID": "W282",
        "Name": "Worker_282",
        "Gender": "Female",
        "Salary": 10050,
        "EmployeeLevel": "A1"
    },
    {
        "ID": "W283",
        "Name": "Worker_283",
        "Gender": "Male",
        "Salary": 33949,
        "EmployeeLevel": "Unassigned"
    },
    {
        "ID": "W284",
        "Name": "Worker_284",
        "Gender": "Female",
        "Salary": 31299,
        "EmployeeLevel": "Unassigned"
    },
    {
        "ID": "W285",
        "Name": "Worker_285",
        "Gender": "Male",
        "Salary": 14757,
        "EmployeeLevel": "A1"
    },
    {
        "ID": "W286",
        "Name": "Worker_286",
        "Gender": "Male",
        "Salary": 18813,
        "EmployeeLevel": "A1"
    },
    {
        "ID": "W287",
        "Name": "Worker_287",
        "Gender": "Female",
        "Salary": 10799,
        "EmployeeLevel": "A1"
    },
    {
        "ID": "W288",
        "Name": "Worker_288",
        "Gender": "Male",
        "Salary": 21224,
        "EmployeeLevel": "Unassigned"
    },
    {
        "ID": "W289",
        "Name": "Worker_289",
        "Gender": "Female",
        "Salary": 7932,
        "EmployeeLevel": "A5-F"
    },
    {
        "ID": "W290",
        "Name": "Worker_290",
        "Gender": "Female",
        "Salary": 13937,
        "EmployeeLevel": "A1"
    },
    {
        "ID": "W291",
        "Name": "Worker_291",
        "Gender": "Male",
        "Salary": 5512,
        "EmployeeLevel": "Unassigned"
    },
    {
        "ID": "W292",
        "Name": "Worker_292",
        "Gender": "Male",
        "Salary": 32837,
        "EmployeeLevel": "Unassigned"
    },
    {
        "ID": "W293",
        "Name": "Worker_293",
        "Gender": "Male",
        "Salary": 33674,
        "EmployeeLevel": "Unassigned"
    },
    {
        "ID": "W294",
        "Name": "Worker_294",
        "Gender": "Female",
        "Salary": 26834,
        "EmployeeLevel": "A5-F"
    },
    {
        "ID": "W295",
        "Name": "Worker_295",
        "Gender": "Male",
        "Salary": 18337,
        "EmployeeLevel": "A1"
    },
    {
        "ID": "W296",
        "Name": "Worker_296",
        "Gender": "Female",
        "Salary": 15707,
        "EmployeeLevel": "A1"
    },
    {
        "ID": "W297",
        "Name": "Worker_297",
        "Gender": "Male",
        "Salary": 30034,
        "EmployeeLevel": "Unassigned"
    },
    {
        "ID": "W298",
        "Name": "Worker_298",
        "Gender": "Female",
        "Salary": 13822,
        "EmployeeLevel": "A1"
    },
    {
        "ID": "W299",
        "Name": "Worker_299",
        "Gender": "Female",
        "Salary": 23714,
        "EmployeeLevel": "A5-F"
    },
    {
        "ID": "W300",
        "Name": "Worker_300",
        "Gender": "Female",
        "Salary": 18273,
        "EmployeeLevel": "A1"
    },
    {
        "ID": "W301",
        "Name": "Worker_301",
        "Gender": "Male",
        "Salary": 8435,
        "EmployeeLevel": "Unassigned"
    },
    {
        "ID": "W302",
        "Name": "Worker_302",
        "Gender": "Female",
        "Salary": 21397,
        "EmployeeLevel": "A5-F"
    },
    {
        "ID": "W303",
        "Name": "Worker_303",
        "Gender": "Male",
        "Salary": 18094,
        "EmployeeLevel": "A1"
    },
    {
        "ID": "W304",
        "Name": "Worker_304",
        "Gender": "Female",
        "Salary": 29667,
        "EmployeeLevel": "A5-F"
    },
    {
        "ID": "W305",
        "Name": "Worker_305",
        "Gender": "Male",
        "Salary": 10225,
        "EmployeeLevel": "A1"
    },
    {
        "ID": "W306",
        "Name": "Worker_306",
        "Gender": "Male",
        "Salary": 24428,
        "EmployeeLevel": "Unassigned"
    },
    {
        "ID": "W307",
        "Name": "Worker_307",
        "Gender": "Female",
        "Salary": 34762,
        "EmployeeLevel": "Unassigned"
    },
    {
        "ID": "W308",
        "Name": "Worker_308",
        "Gender": "Female",
        "Salary": 24191,
        "EmployeeLevel": "A5-F"
    },
    {
        "ID": "W309",
        "Name": "Worker_309",
        "Gender": "Male",
        "Salary": 9159,
        "EmployeeLevel": "Unassigned"
    },
    {
        "ID": "W310",
        "Name": "Worker_310",
        "Gender": "Male",
        "Salary": 30801,
        "EmployeeLevel": "Unassigned"
    },
    {
        "ID": "W311",
        "Name": "Worker_311",
        "Gender": "Male",
        "Salary": 8154,
        "EmployeeLevel": "Unassigned"
    },
    {
        "ID": "W312",
        "Name": "Worker_312",
        "Gender": "Female",
        "Salary": 13746,
        "EmployeeLevel": "A1"
    },
    {
        "ID": "W313",
        "Name": "Worker_313",
        "Gender": "Male",
        "Salary": 10047,
        "EmployeeLevel": "A1"
    },
    {
        "ID": "W314",
        "Name": "Worker_314",
        "Gender": "Male",
        "Salary": 24844,
        "EmployeeLevel": "Unassigned"
    },
    {
        "ID": "W315",
        "Name": "Worker_315",
        "Gender": "Female",
        "Salary": 19565,
        "EmployeeLevel": "A1"
    },
    {
        "ID": "W316",
        "Name": "Worker_316",
        "Gender": "Female",
        "Salary": 19483,
        "EmployeeLevel": "A1"
    },
    {
        "ID": "W317",
        "Name": "Worker_317",
        "Gender": "Female",
        "Salary": 29554,
        "EmployeeLevel": "A5-F"
    },
    {
        "ID": "W318",
        "Name": "Worker_318",
        "Gender": "Male",
        "Salary": 6280,
        "EmployeeLevel": "Unassigned"
    },
    {
        "ID": "W319",
        "Name": "Worker_319",
        "Gender": "Male",
        "Salary": 24815,
        "EmployeeLevel": "Unassigned"
    },
    {
        "ID": "W320",
        "Name": "Worker_320",
        "Gender": "Female",
        "Salary": 11964,
        "EmployeeLevel": "A1"
    },
    {
        "ID": "W321",
        "Name": "Worker_321",
        "Gender": "Female",
        "Salary": 13172,
        "EmployeeLevel": "A1"
    },
    {
        "ID": "W322",
        "Name": "Worker_322",
        "Gender": "Female",
        "Salary": 33639,
        "EmployeeLevel": "Unassigned"
    },
    {
        "ID": "W323",
        "Name": "Worker_323",
        "Gender": "Male",
        "Salary": 22093,
        "EmployeeLevel": "Unassigned"
    },
    {
        "ID": "W324",
        "Name": "Worker_324",
        "Gender": "Male",
        "Salary": 12081,
        "EmployeeLevel": "A1"
    },
    {
        "ID": "W325",
        "Name": "Worker_325",
        "Gender": "Male",
        "Salary": 5732,
        "EmployeeLevel": "Unassigned"
    },
    {
        "ID": "W326",
        "Name": "Worker_326",
        "Gender": "Male",
        "Salary": 11167,
        "EmployeeLevel": "A1"
    },
    {
        "ID": "W327",
        "Name": "Worker_327",
        "Gender": "Female",
        "Salary": 13005,
        "EmployeeLevel": "A1"
    },
    {
        "ID": "W328",
        "Name": "Worker_328",
        "Gender": "Female",
        "Salary": 23350,
        "EmployeeLevel": "A5-F"
    },
    {
        "ID": "W329",
        "Name": "Worker_329",
        "Gender": "Male",
        "Salary": 18253,
        "EmployeeLevel": "A1"
    },
    {
        "ID": "W330",
        "Name": "Worker_330",
        "Gender": "Male",
        "Salary": 9514,
        "EmployeeLevel": "Unassigned"
    },
    {
        "ID": "W331",
        "Name": "Worker_331",
        "Gender": "Female",
        "Salary": 25242,
        "EmployeeLevel": "A5-F"
    },
    {
        "ID": "W332",
        "Name": "Worker_332",
        "Gender": "Female",
        "Salary": 31328,
        "EmployeeLevel": "Unassigned"
    },
    {
        "ID": "W333",
        "Name": "Worker_333",
        "Gender": "Female",
        "Salary": 26965,
        "EmployeeLevel": "A5-F"
    },
    {
        "ID": "W334",
        "Name": "Worker_334",
        "Gender": "Female",
        "Salary": 10501,
        "EmployeeLevel": "A1"
    },
    {
        "ID": "W335",
        "Name": "Worker_335",
        "Gender": "Male",
        "Salary": 7435,
        "EmployeeLevel": "Unassigned"
    },
    {
        "ID": "W336",
        "Name": "Worker_336",
        "Gender": "Female",
        "Salary": 21557,
        "EmployeeLevel": "A5-F"
    },
    {
        "ID": "W337",
        "Name": "Worker_337",
        "Gender": "Male",
        "Salary": 33140,
        "EmployeeLevel": "Unassigned"
    },
    {
        "ID": "W338",
        "Name": "Worker_338",
        "Gender": "Female",
        "Salary": 15103,
        "EmployeeLevel": "A1"
    },
    {
        "ID": "W339",
        "Name": "Worker_339",
        "Gender": "Female",
        "Salary": 25314,
        "EmployeeLevel": "A5-F"
    },
    {
        "ID": "W340",
        "Name": "Worker_340",
        "Gender": "Female",
        "Salary": 28374,
        "EmployeeLevel": "A5-F"
    },
    {
        "ID": "W341",
        "Name": "Worker_341",
        "Gender": "Male",
        "Salary": 12229,
        "EmployeeLevel": "A1"
    },
    {
        "ID": "W342",
        "Name": "Worker_342",
        "Gender": "Female",
        "Salary": 12721,
        "EmployeeLevel": "A1"
    },
    {
        "ID": "W343",
        "Name": "Worker_343",
        "Gender": "Female",
        "Salary": 19100,
        "EmployeeLevel": "A1"
    },
    {
        "ID": "W344",
        "Name": "Worker_344",
        "Gender": "Female",
        "Salary": 12126,
        "EmployeeLevel": "A1"
    },
    {
        "ID": "W345",
        "Name": "Worker_345",
        "Gender": "Male",
        "Salary": 22823,
        "EmployeeLevel": "Unassigned"
    },
    {
        "ID": "W346",
        "Name": "Worker_346",
        "Gender": "Male",
        "Salary": 5272,
        "EmployeeLevel": "Unassigned"
    },
    {
        "ID": "W347",
        "Name": "Worker_347",
        "Gender": "Male",
        "Salary": 15078,
        "EmployeeLevel": "A1"
    },
    {
        "ID": "W348",
        "Name": "Worker_348",
        "Gender": "Female",
        "Salary": 24935,
        "EmployeeLevel": "A5-F"
    },
    {
        "ID": "W349",
        "Name": "Worker_349",
        "Gender": "Female",
        "Salary": 18764,
        "EmployeeLevel": "A1"
    },
    {
        "ID": "W350",
        "Name": "Worker_350",
        "Gender": "Male",
        "Salary": 34639,
        "EmployeeLevel": "Unassigned"
    },
    {
        "ID": "W351",
        "Name": "Worker_351",
        "Gender": "Female",
        "Salary": 15852,
        "EmployeeLevel": "A1"
    },
    {
        "ID": "W352",
        "Name": "Worker_352",
        "Gender": "Female",
        "Salary": 34918,
        "EmployeeLevel": "Unassigned"
    },
    {
        "ID": "W353",
        "Name": "Worker_353",
        "Gender": "Female",
        "Salary": 11892,
        "EmployeeLevel": "A1"
    },
    {
        "ID": "W354",
        "Name": "Worker_354",
        "Gender": "Male",
        "Salary": 31958,
        "EmployeeLevel": "Unassigned"
    },
    {
        "ID": "W355",
        "Name": "Worker_355",
        "Gender": "Female",
        "Salary": 13919,
        "EmployeeLevel": "A1"
    },
    {
        "ID": "W356",
        "Name": "Worker_356",
        "Gender": "Female",
        "Salary": 17446,
        "EmployeeLevel": "A1"
    },
    {
        "ID": "W357",
        "Name": "Worker_357",
        "Gender": "Male",
        "Salary": 13793,
        "EmployeeLevel": "A1"
    },
    {
        "ID": "W358",
        "Name": "Worker_358",
        "Gender": "Male",
        "Salary": 31086,
        "EmployeeLevel": "Unassigned"
    },
    {
        "ID": "W359",
        "Name": "Worker_359",
        "Gender": "Male",
        "Salary": 7757,
        "EmployeeLevel": "Unassigned"
    },
    {
        "ID": "W360",
        "Name": "Worker_360",
        "Gender": "Male",
        "Salary": 29578,
        "EmployeeLevel": "Unassigned"
    },
    {
        "ID": "W361",
        "Name": "Worker_361",
        "Gender": "Female",
        "Salary": 33745,
        "EmployeeLevel": "Unassigned"
    },
    {
        "ID": "W362",
        "Name": "Worker_362",
        "Gender": "Female",
        "Salary": 12978,
        "EmployeeLevel": "A1"
    },
    {
        "ID": "W363",
        "Name": "Worker_363",
        "Gender": "Female",
        "Salary": 21164,
        "EmployeeLevel": "A5-F"
    },
    {
        "ID": "W364",
        "Name": "Worker_364",
        "Gender": "Female",
        "Salary": 33719,
        "EmployeeLevel": "Unassigned"
    },
    {
        "ID": "W365",
        "Name": "Worker_365",
        "Gender": "Male",
        "Salary": 13678,
        "EmployeeLevel": "A1"
    },
    {
        "ID": "W366",
        "Name": "Worker_366",
        "Gender": "Female",
        "Salary": 24572,
        "EmployeeLevel": "A5-F"
    },
    {
        "ID": "W367",
        "Name": "Worker_367",
        "Gender": "Female",
        "Salary": 9296,
        "EmployeeLevel": "A5-F"
    },
    {
        "ID": "W368",
        "Name": "Worker_368",
        "Gender": "Male",
        "Salary": 21106,
        "EmployeeLevel": "Unassigned"
    },
    {
        "ID": "W369",
        "Name": "Worker_369",
        "Gender": "Male",
        "Salary": 6778,
        "EmployeeLevel": "Unassigned"
    },
    {
        "ID": "W370",
        "Name": "Worker_370",
        "Gender": "Female",
        "Salary": 31879,
        "EmployeeLevel": "Unassigned"
    },
    {
        "ID": "W371",
        "Name": "Worker_371",
        "Gender": "Male",
        "Salary": 16238,
        "EmployeeLevel": "A1"
    },
    {
        "ID": "W372",
        "Name": "Worker_372",
        "Gender": "Male",
        "Salary": 26482,
        "EmployeeLevel": "Unassigned"
    },
    {
        "ID": "W373",
        "Name": "Worker_373",
        "Gender": "Male",
        "Salary": 13578,
        "EmployeeLevel": "A1"
    },
    {
        "ID": "W374",
        "Name": "Worker_374",
        "Gender": "Female",
        "Salary": 28349,
        "EmployeeLevel": "A5-F"
    },
    {
        "ID": "W375",
        "Name": "Worker_375",
        "Gender": "Female",
        "Salary": 8758,
        "EmployeeLevel": "A5-F"
    },
    {
        "ID": "W376",
        "Name": "Worker_376",
        "Gender": "Male",
        "Salary": 24091,
        "EmployeeLevel": "Unassigned"
    },
    {
        "ID": "W377",
        "Name": "Worker_377",
        "Gender": "Male",
        "Salary": 23953,
        "EmployeeLevel": "Unassigned"
    },
    {
        "ID": "W378",
        "Name": "Worker_378",
        "Gender": "Female",
        "Salary": 19825,
        "EmployeeLevel": "A1"
    },
    {
        "ID": "W379",
        "Name": "Worker_379",
        "Gender": "Male",
        "Salary": 34499,
        "EmployeeLevel": "Unassigned"
    },
    {
        "ID": "W380",
        "Name": "Worker_380",
        "Gender": "Male",
        "Salary": 30786,
        "EmployeeLevel": "Unassigned"
    },
    {
        "ID": "W381",
        "Name": "Worker_381",
        "Gender": "Male",
        "Salary": 30635,
        "EmployeeLevel": "Unassigned"
    },
    {
        "ID": "W382",
        "Name": "Worker_382",
        "Gender": "Male",
        "Salary": 26336,
        "EmployeeLevel": "Unassigned"
    },
    {
        "ID": "W383",
        "Name": "Worker_383",
        "Gender": "Female",
        "Salary": 19356,
        "EmployeeLevel": "A1"
    },
    {
        "ID": "W384",
        "Name": "Worker_384",
        "Gender": "Female",
        "Salary": 9633,
        "EmployeeLevel": "A5-F"
    },
    {
        "ID": "W385",
        "Name": "Worker_385",
        "Gender": "Male",
        "Salary": 26296,
        "EmployeeLevel": "Unassigned"
    },
    {
        "ID": "W386",
        "Name": "Worker_386",
        "Gender": "Male",
        "Salary": 5564,
        "EmployeeLevel": "Unassigned"
    },
    {
        "ID": "W387",
        "Name": "Worker_387",
        "Gender": "Male",
        "Salary": 18467,
        "EmployeeLevel": "A1"
    },
    {
        "ID": "W388",
        "Name": "Worker_388",
        "Gender": "Female",
        "Salary": 14527,
        "EmployeeLevel": "A1"
    },
    {
        "ID": "W389",
        "Name": "Worker_389",
        "Gender": "Female",
        "Salary": 27986,
        "EmployeeLevel": "A5-F"
    },
    {
        "ID": "W390",
        "Name": "Worker_390",
        "Gender": "Female",
        "Salary": 21638,
        "EmployeeLevel": "A5-F"
    },
    {
        "ID": "W391",
        "Name": "Worker_391",
        "Gender": "Female",
        "Salary": 19067,
        "EmployeeLevel": "A1"
    },
    {
        "ID": "W392",
        "Name": "Worker_392",
        "Gender": "Female",
        "Salary": 15014,
        "EmployeeLevel": "A1"
    },
    {
        "ID": "W393",
        "Name": "Worker_393",
        "Gender": "Male",
        "Salary": 22439,
        "EmployeeLevel": "Unassigned"
    },
    {
        "ID": "W394",
        "Name": "Worker_394",
        "Gender": "Male",
        "Salary": 11134,
        "EmployeeLevel": "A1"
    },
    {
        "ID": "W395",
        "Name": "Worker_395",
        "Gender": "Female",
        "Salary": 17830,
        "EmployeeLevel": "A1"
    },
    {
        "ID": "W396",
        "Name": "Worker_396",
        "Gender": "Female",
        "Salary": 12296,
        "EmployeeLevel": "A1"
    },
    {
        "ID": "W397",
        "Name": "Worker_397",
        "Gender": "Female",
        "Salary": 15873,
        "EmployeeLevel": "A1"
    },
    {
        "ID": "W398",
        "Name": "Worker_398",
        "Gender": "Male",
        "Salary": 29846,
        "EmployeeLevel": "Unassigned"
    },
    {
        "ID": "W399",
        "Name": "Worker_399",
        "Gender": "Male",
        "Salary": 11397,
        "EmployeeLevel": "A1"
    },
    {
        "ID": "W400",
        "Name": "Worker_400",
        "Gender": "Male",
        "Salary": 9718,
        "EmployeeLevel": "Unassigned"
    }
]